id;name;gender;date;current_weight;preferred_weight;height;lifestyle;calories_needed;created_date;last_modified_date
1;thongs;FEMALE;2024-10-27;16571.76;209.44;32603.77;MODERATELY_ACTIVE;12559.52;2024-10-28T01:04:31;2024-10-27T15:23:34
2;after;FEMALE;2024-10-28;17386.58;9821.63;14370.31;SEDENTARY;30157.76;2024-10-27T15:32:24;2024-10-27T23:29:01
3;punctual;MALE;2024-10-27;5378.35;16597.99;6267.26;MODERATELY_ACTIVE;12120.75;2024-10-27T23:47:18;2024-10-28T07:49:47
4;jut;MALE;2024-10-28;19572.49;8394.97;19543.19;SEDENTARY;1886.57;2024-10-28T11:27:16;2024-10-28T08:54:10
5;spiteful pop innocently;NON_BINARY;2024-10-28;8062.2;29053.21;11533.57;SEDENTARY;1797.21;2024-10-27T18:50:07;2024-10-27T16:51:04
6;sheepishly promptly what;FEMALE;2024-10-28;6143.99;27419.48;22005.41;VERY_ACTIVE;14673.22;2024-10-28T11:42:30;2024-10-27T20:03:11
7;kissingly consequently upon;MALE;2024-10-27;118.84;31148.51;613.15;SEDENTARY;24471.46;2024-10-27T23:56:47;2024-10-27T22:57:31
8;where;FEMALE;2024-10-27;32191.34;22626.59;1027.3;LIGHTLY_ACTIVE;2652.31;2024-10-27T13:50:48;2024-10-28T00:14:19
9;geez;NON_BINARY;2024-10-27;4239.68;7892.93;12185.17;EXTREMELY_ACTIVE;23460.27;2024-10-27T20:07:58;2024-10-28T09:34:02
10;save whereas whoever;FEMALE;2024-10-28;13269.04;16742.63;7550.28;LIGHTLY_ACTIVE;20864.55;2024-10-28T09:31:31;2024-10-27T16:05:52
